{
        "parent": "item/generated",
	"textures": {
		"texture0": "item/diamond_shovel"
	},
	"overrides": [
        {"predicate": {"custom_model_data": 1}, "model": "item/furnature/door/dark_oak"},
        { "predicate": {"custom_model_data": 2}, "model": "custom/block_tnt"},
        { "predicate": {"custom_model_data": 3}, "model": "custom/tutorial"},
        { "predicate": {"custom_model_data": 4}, "model": "custom/statue"},
        { "predicate": {"custom_model_data": 5}, "model": "custom/lava_boat"},
        { "predicate": {"custom_model_data": 6}, "model": "custom/block_gold"},
        { "predicate": {"custom_model_data": 7}, "model": "custom/chain"},
        { "predicate": {"custom_model_data": 8}, "model": "custom/statue_2"}
		
       
  ]
}