{
  "we_music.lobby": {
      "category": "master",
      "sounds": [
        {
          "name": "we_music/lobby",
          "stream": "true"
          
        }]
    },
    "we_effect.respawn": {
      "category": "master",
      "sounds": [
        {
          "name": "we_effect/respawn",
          "stream": "false"
          
        }]
    },
    "we_effect.stone_collapse": {
      "category": "master",
      "sounds": [
        {
          "name": "we_effect/stone_collapse",
          "stream": "false"
          
        }]
    },
    "we_effect.stone_fall2": {
      "category": "master",
      "sounds": [
        {
          "name": "we_effect/stone_fall2",
          "stream": "false"
          
        }]
    },
    "we_effect.game_drop1": {
      "category": "master",
      "sounds": [
        {
          "name": "we_effect/game_drop1",
          "stream": "false"
          
        }]
    },
    "we_effect.game_drop2": {
      "category": "master",
      "sounds": [
        {
          "name": "we_effect/game_drop2",
          "stream": "false"
          
        }]
    },
    "we_effect.setting_error": {
      "category": "master",
      "sounds": [
        {
          "name": "we_effect/setting_error",
          "stream": "false"
          
        }]
    },
    "we_effect.game_exit": {
      "category": "master",
      "sounds": [
        {
          "name": "we_effect/game_exit",
          "stream": "false"
          
        }]
    },
    "we_effect.game_start": {
      "category": "master",
      "sounds": [
        {
          "name": "we_effect/game_start",
          "stream": "false"
          
        }]
    },
    "we_effect.battle_10sec_left": {
      "category": "master",
      "sounds": [
        {
          "name": "we_effect/10sec_left",
          "stream": "false"
          
        }]
    },
    "we_effect.battle_start": {
      "category": "master",
      "sounds": [
        {
          "name": "we_effect/battle_start",
          "stream": "false"
          
        }]
    },
    "we_effect.battle_base_attack": {
      "category": "master",
      "sounds": [
        {
          "name": "we_effect/enemy_base_attack",
          "stream": "false"
          
        }]
    },
    "we_effect.game_winer": {
      "category": "master",
      "sounds": [
        {
          "name": "we_effect/game_winer",
          "stream": "false"
          
        }]
    },
    "we_effect.siren": {
      "category": "master",
      "sounds": [
        {
          "name": "we_effect/siren",
          "stream": "false"
          
        }]
    },
    "we_effect.toggle_setting": {
      "category": "master",
      "sounds": [
        {
          "name": "we_effect/toggle_setting",
          "stream": "false"
          
        }]
    },
    "we_effect.tank_hit": {
      "category": "master",
      "sounds": [
        {
          "name": "we_effect/tank_hit1",
          "stream": "false"
          
        },
        {
          "name": "we_effect/tank_hit2",
          "stream": "false"
          
        },
        {
          "name": "we_effect/tank_hit3",
          "stream": "false"
          
        },
        {
          "name": "we_effect/tank_hit4",
          "stream": "false"
          
        },
        {
          "name": "we_effect/tank_hit5",
          "stream": "false"
          
        }]
    },
    "we_effect.turret_enter": {
      "category": "master",
      "sounds": [
        {
          "name": "we_effect/turret_enter",
          "stream": "false"
          
        }]
    },
    "we_effect.hurt1": {
      "category": "master",
      "sounds": [
        {
          "name": "we_effect/hurt1",
          "stream": "false"
          
        }]
    },
    "we_effect.hurt2": {
      "category": "master",
      "sounds": [
        {
          "name": "we_effect/hurt2",
          "stream": "false"
          
        }]
    },
    "we_effect.hurt3": {
      "category": "master",
      "sounds": [
        {
          "name": "we_effect/hurt3",
          "stream": "false"
          
        }]
    },
    "we_effect.gran_smoke": {
      "category": "master",
      "sounds": [
        {
          "name": "we_effect/gran_smoke",
          "stream": "false"
          
        }]
    },
    "we_effect.reload5": {
      "category": "master",
      "sounds": [
        {
          "name": "we_effect/reload5",
          "stream": "false"
          
        }]
    },
    "we_effect.reload6": {
      "category": "master",
      "sounds": [
        {
          "name": "we_effect/reload6",
          "stream": "false"
          
        }]
    },
    "we_effect.laser_shoot": {
      "category": "master",
      "sounds": [
        {
          "name": "we_effect/laser_shoot",
          "stream": "false"
          
        }]
    },
    "we_effect.laser_bounce": {
      "category": "master",
      "sounds": [
        {
          "name": "we_effect/laser_bounce",
          "stream": "false"
          
        }]
    },
    "we_effect.super_run": {
      "category": "master",
      "sounds": [
        {
          "name": "we_effect/super_run",
          "stream": "false"
          
        }]
    },
    "we_effect.hook_start": {
      "category": "master",
      "sounds": [
        {
          "name": "we_effect/hook_start",
          "stream": "false"
          
        }]
    },
    "we_effect.hook_stop": {
      "category": "master",
      "sounds": [
        {
          "name": "we_effect/hook_stop",
          "stream": "false"
          
        }]
    },
    "we_effect.gran_throw1": {
      "category": "master",
      "sounds": [
        {
          "name": "we_effect/gran_throw1",
          "stream": "false"
          
        }]
    },
    "we_effect.gran_throw2": {
      "category": "master",
      "sounds": [
        {
          "name": "we_effect/gran_throw2",
          "stream": "false"
          
        }]
    },
    "we_effect.hurt4": {
      "category": "master",
      "sounds": [
        {
          "name": "we_effect/hurt4",
          "stream": "false"
          
        }]
    },
    "we_effect.beep": {
      "category": "master",
      "sounds": [
        {
          "name": "we_effect/beep",
          "stream": "false"
          
        }]
    },
    "we_effect.door_open": {
      "category": "master",
      "sounds": [
        {
          "name": "we_effect/door_open",
          "stream": "false"
          
        }]
    },
    "we_effect.scream": {
      "category": "master",
      "sounds": [
        {
          "name": "we_effect/scream",
          "stream": "false"
          
        }]
    },
    "we_effect.door_move": {
      "category": "master",
      "sounds": [
        {
          "name": "we_effect/door_move",
          "stream": "false"
          
        }]
    },
    "we_effect.door_closed": {
      "category": "master",
      "sounds": [
        {
          "name": "we_effect/door_closed",
          "stream": "false"
          
        }]
    },
    "we_effect.sword_slide": {
      "category": "master",
      "sounds": [
        {
          "name": "we_effect/sword_slide",
          "stream": "false"
          
        }]
    },
    "we_effect.loud_bang": {
      "category": "master",
      "sounds": [
        {
          "name": "we_effect/loud_bang",
          "stream": "false"
          
        }]
    },
    "we_effect.stone_put": {
      "category": "master",
      "sounds": [
        {
          "name": "we_effect/stone_put",
          "stream": "false"
          
        }]
    },
    "we_effect.stone_fall": {
      "category": "master",
      "sounds": [
        {
          "name": "we_effect/stone_fall",
          "stream": "false"
          
        }]
    },
    "we_effect.stone_slide": {
      "category": "master",
      "sounds": [
        {
          "name": "we_effect/stone_slide",
          "stream": "false"
          
        }]
    },
    "we_effect.mystery_4": {
      "category": "master",
      "sounds": [
        {
          "name": "we_effect/mystery_4",
          "stream": "false"
          
        }]
    },
    "we_effect.medkit_use": {
      "category": "master",
      "sounds": [
        {
          "name": "we_effect/medkit_use",
          "stream": "false"
          
        }]
    },
    "we_effect.chains": {
      "category": "master",
      "sounds": [
        {
          "name": "we_effect/chains",
          "stream": "false"
          
        }]
    },
    "we_effect.cave1": {
      "category": "master",
      "sounds": [
        {
          "name": "we_effect/cave1",
          "stream": "false"
          
        }]
    },
    "we_effect.cave2": {
      "category": "master",
      "sounds": [
        {
          "name": "we_effect/cave2",
          "stream": "false"
          
        }]
    },
    "we_effect.cave3": {
      "category": "master",
      "sounds": [
        {
          "name": "we_effect/cave3",
          "stream": "false"
          
        }]
    },
    "we_effect.cave4": {
      "category": "master",
      "sounds": [
        {
          "name": "we_effect/cave4",
          "stream": "false"
          
        }]
    },
    "we_effect.cave5": {
      "category": "master",
      "sounds": [
        {
          "name": "we_effect/cave5",
          "stream": "false"
          
        }]
    },
    "we_effect.cave6": {
      "category": "master",
      "sounds": [
        {
          "name": "we_effect/cave6",
          "stream": "false"
          
        }]
    },
    "we_effect.cave7": {
      "category": "master",
      "sounds": [
        {
          "name": "we_effect/cave7",
          "stream": "false"
          
        }]
    },
    "we_effect.cave8": {
      "category": "master",
      "sounds": [
        {
          "name": "we_effect/cave8",
          "stream": "false"
          
        }]
    },
    "we_effect.cave9": {
      "category": "master",
      "sounds": [
        {
          "name": "we_effect/cave9",
          "stream": "false"
          
        }]
    },
    "we_effect.cave10": {
      "category": "master",
      "sounds": [
        {
          "name": "we_effect/cave10",
          "stream": "false"
          
        }]
    },
    "we_effect.cave11": {
      "category": "master",
      "sounds": [
        {
          "name": "we_effect/cave11",
          "stream": "false"
          
        }]
    },
    "we_effect.cave12": {
      "category": "master",
      "sounds": [
        {
          "name": "we_effect/cave12",
          "stream": "false"
          
        }]
    },
    "we_effect.cave13": {
      "category": "master",
      "sounds": [
        {
          "name": "we_effect/cave13",
          "stream": "false"
          
        }]
    },
    "we_effect.cave14": {
      "category": "master",
      "sounds": [
        {
          "name": "we_effect/cave14",
          "stream": "false"
          
        }]
    },
    "we_effect.cave15": {
      "category": "master",
      "sounds": [
        {
          "name": "we_effect/cave15",
          "stream": "false"
          
        }]
    },
    "we_effect.cave16": {
      "category": "master",
      "sounds": [
        {
          "name": "we_effect/cave16",
          "stream": "false"
          
        }]
    },
    "we_effect.cave17": {
      "category": "master",
      "sounds": [
        {
          "name": "we_effect/cave17",
          "stream": "false"
          
        }]
    },
    "we_effect.cave18": {
      "category": "master",
      "sounds": [
        {
          "name": "we_effect/cave18",
          "stream": "false"
          
        }]
    },
    "we_effect.cave19": {
      "category": "master",
      "sounds": [
        {
          "name": "we_effect/cave19",
          "stream": "false"
          
        }]
    },
    "we_effect.ak47": {
      "category": "master",
      "sounds": [
        {
          "name": "we_effect/ak47",
          "stream": "false"
          
        }]
    },
    "we_effect.carbine": {
      "category": "master",
      "sounds": [
        {
          "name": "we_effect/carbine",
          "stream": "false"
          
        }]
    },
    "we_effect.minigun": {
      "category": "master",
      "sounds": [
        {
          "name": "we_effect/minigun",
          "stream": "false"
          
        }]
    },
    "we_effect.pistol": {
      "category": "master",
      "sounds": [
        {
          "name": "we_effect/pistol",
          "stream": "false"
          
        }]
    },
    "we_effect.reload1": {
      "category": "master",
      "sounds": [
        {
          "name": "we_effect/reload1",
          "stream": "false"
          
        }]
    },
    "we_effect.reload2": {
      "category": "master",
      "sounds": [
        {
          "name": "we_effect/reload2",
          "stream": "false"
          
        }]
    },
    "we_effect.reload3": {
      "category": "master",
      "sounds": [
        {
          "name": "we_effect/reload3",
          "stream": "false"
          
        }]
    },
    "we_effect.reload4": {
      "category": "master",
      "sounds": [
        {
          "name": "we_effect/reload4",
          "stream": "false"
          
        }]
    },
    "we_effect.rocket_fire": {
      "category": "master",
      "sounds": [
        {
          "name": "we_effect/rocket_fire",
          "stream": "false"
          
        }]
    },
    "we_effect.rocket_hit": {
      "category": "master",
      "sounds": [
        {
          "name": "we_effect/rocket_hit",
          "stream": "false"
          
        }]
    },
    "we_effect.shotgun_heavy": {
      "category": "master",
      "sounds": [
        {
          "name": "we_effect/shotgun_heavy",
          "stream": "false"
          
        }]
    },
    "we_effect.bone_crack": {
      "category": "master",
      "sounds": [
        {
          "name": "we_effect/bone_crack",
          "stream": "false"
          
        }]
    },
    "we_effect.spotted": {
      "category": "master",
      "sounds": [
        {
          "name": "we_effect/spotted",
          "stream": "false"
          
        }]
    },
    "we_effect.shotgun_light": {
      "category": "master",
      "sounds": [
        {
          "name": "we_effect/shotgun_light",
          "stream": "false"
          
        }]
    },
    "we_effect.sniper": {
      "category": "master",
      "sounds": [
        {
          "name": "we_effect/sniper",
          "stream": "false"
          
        }]
    },
    "we_effect.error_normal": {
      "category": "master",
      "sounds": [
        {
          "name": "we_effect/error_normal",
          "stream": "false"
          
        }]
    },
    "we_effect.flamethrower": {
      "category": "master",
      "sounds": [
        {
          "name": "we_effect/flamethrower",
          "stream": "false"
          
        }]
    },
    "we_music.only_you": {
      "category": "master",
      "sounds": [
        {
          "name": "we_music/only_you",
          "stream": "false"
          
        }]
    },
    "we_effect.big_pickup": {
      "category": "master",
      "sounds": [
        {
          "name": "we_effect/big_pickup",
          "stream": "false"
          
        }]
    },
    "we_effect.small_pickup": {
      "category": "master",
      "sounds": [
        {
          "name": "we_effect/small_pickup",
          "stream": "false"
          
        }]
    },
    "we_effect.helicopter": {
      "category": "master",
      "sounds": [
        {
          "name": "we_effect/helicopter",
          "stream": "false"
          
        }]
    },
    "we_effect.reloaded": {
      "category": "master",
      "sounds": [
        {
          "name": "we_effect/reloaded",
          "stream": "false"
          
        }]
    },
    "we_effect.gate_closing": {
      "category": "master",
      "sounds": [
        {
          "name": "we_effect/gate_closing",
          "stream": "false"
          
        }]
    },
    "we_effect.gate_opening": {
      "category": "master",
      "sounds": [
        {
          "name": "we_effect/gate_opening",
          "stream": "false"
          
        }]
    },
    "we_effect.mystery_1": {
      "category": "master",
      "sounds": [
        {
          "name": "we_effect/mystery_1",
          "stream": "false"
          
        }]
    },
    "we_effect.mystery_2": {
      "category": "master",
      "sounds": [
        {
          "name": "we_effect/mystery_2",
          "stream": "false"
          
        }]
    },
    "we_effect.mystery_3": {
      "category": "master",
      "sounds": [
        {
          "name": "we_effect/mystery_3",
          "stream": "false"
          
        }]
    },
    "we_effect.sword_stab": {
      "category": "master",
      "sounds": [
        {
          "name": "we_effect/sword_stab",
          "stream": "false"
          
        }]
    },
    "we_effect.no_ammo": {
      "category": "master",
      "sounds": [
        {
          "name": "we_effect/no_ammo",
          "stream": "false"
          
        }]
    },
    "we_effect.hit_hostile": {
      "category": "master",
      "sounds": [
        {
          "name": "we_effect/hit_hostile",
          "stream": "false"
          
        }]
    },
    "we_effect.failed": {
      "category": "master",
      "sounds": [
        {
          "name": "we_effect/failed",
          "stream": "false"
          
        }]
    },
    "we_effect.failed_death": {
      "category": "master",
      "sounds": [
        {
          "name": "we_effect/failed_death",
          "stream": "false"
          
        }]
    }
  }