{
	"credit": "Made with Blockbench",
	"textures": {
		"0": "custom/chain",
		"particle": "custom/chain"
	},
	"elements": [
		{
			"from": [1.5, 2, -2.29289],
			"to": [1.5, 3, -1.29289],
			"rotation": {"angle": -45, "axis": "y", "origin": [0.76777, 0, -1.14645]},
			"faces": {
				"north": {"uv": [0, 0, 0, 1], "texture": "#0"},
				"east": {"uv": [2, 13, 3, 14], "texture": "#0"},
				"south": {"uv": [0, 0, 0, 1], "texture": "#0"},
				"west": {"uv": [2, 13, 3, 14], "texture": "#0"},
				"up": {"uv": [0, 0, 0, 1], "rotation": 180, "texture": "#0"},
				"down": {"uv": [0, 0, 0, 1], "rotation": 180, "texture": "#0"}
			}
		},
		{
			"from": [1.5, 2, -4.29289],
			"to": [1.5, 3, -3.29289],
			"rotation": {"angle": -45, "axis": "y", "origin": [0.76777, 0, -1.14645]},
			"faces": {
				"north": {"uv": [0, 0, 0, 1], "texture": "#0"},
				"east": {"uv": [0, 13, 1, 14], "texture": "#0"},
				"south": {"uv": [0, 0, 0, 1], "texture": "#0"},
				"west": {"uv": [0, 13, 1, 14], "texture": "#0"},
				"up": {"uv": [0, 0, 0, 1], "rotation": 180, "texture": "#0"},
				"down": {"uv": [0, 0, 0, 1], "rotation": 180, "texture": "#0"}
			}
		},
		{
			"from": [1.5, 3, -4.29289],
			"to": [1.5, 4, -1.29289],
			"rotation": {"angle": -45, "axis": "y", "origin": [0.76777, 0, -1.14645]},
			"faces": {
				"north": {"uv": [0, 0, 0, 1], "texture": "#0"},
				"east": {"uv": [0, 12, 3, 13], "texture": "#0"},
				"south": {"uv": [0, 0, 0, 1], "texture": "#0"},
				"west": {"uv": [0, 12, 3, 13], "texture": "#0"},
				"up": {"uv": [0, 0, 0, 3], "rotation": 180, "texture": "#0"},
				"down": {"uv": [0, 0, 0, 3], "rotation": 180, "texture": "#0"}
			}
		},
		{
			"from": [1.5, 1, -4.29289],
			"to": [1.5, 2, -1.29289],
			"rotation": {"angle": -45, "axis": "y", "origin": [0.76777, 0, -1.14645]},
			"faces": {
				"north": {"uv": [0, 0, 0, 1], "texture": "#0"},
				"east": {"uv": [0, 14, 3, 15], "texture": "#0"},
				"south": {"uv": [0, 0, 0, 1], "texture": "#0"},
				"west": {"uv": [0, 14, 3, 15], "texture": "#0"},
				"up": {"uv": [0, 0, 0, 3], "rotation": 180, "texture": "#0"},
				"down": {"uv": [0, 0, 0, 3], "rotation": 180, "texture": "#0"}
			}
		},
		{
			"from": [1.5, 7, -4.29289],
			"to": [1.5, 9, -3.29289],
			"rotation": {"angle": -45, "axis": "y", "origin": [0.76777, 0, -1.14645]},
			"faces": {
				"north": {"uv": [0, 0, 0, 2], "texture": "#0"},
				"east": {"uv": [0, 7, 1, 9], "texture": "#0"},
				"south": {"uv": [0, 0, 0, 2], "texture": "#0"},
				"west": {"uv": [0, 7, 1, 9], "texture": "#0"},
				"up": {"uv": [0, 0, 0, 1], "rotation": 180, "texture": "#0"},
				"down": {"uv": [0, 0, 0, 1], "rotation": 180, "texture": "#0"}
			}
		},
		{
			"from": [1.5, 7, -2.29289],
			"to": [1.5, 9, -1.29289],
			"rotation": {"angle": -45, "axis": "y", "origin": [0.76777, 0, -1.14645]},
			"faces": {
				"north": {"uv": [0, 0, 0, 2], "texture": "#0"},
				"east": {"uv": [2, 7, 3, 9], "texture": "#0"},
				"south": {"uv": [0, 0, 0, 2], "texture": "#0"},
				"west": {"uv": [2, 7, 3, 9], "texture": "#0"},
				"up": {"uv": [0, 0, 0, 1], "rotation": 180, "texture": "#0"},
				"down": {"uv": [0, 0, 0, 1], "rotation": 180, "texture": "#0"}
			}
		},
		{
			"from": [1.5, 9, -4.29289],
			"to": [1.5, 10, -1.29289],
			"rotation": {"angle": -45, "axis": "y", "origin": [0.76777, 0, -1.14645]},
			"faces": {
				"north": {"uv": [0, 0, 0, 1], "texture": "#0"},
				"east": {"uv": [0, 6, 3, 7], "texture": "#0"},
				"south": {"uv": [0, 0, 0, 1], "texture": "#0"},
				"west": {"uv": [0, 6, 3, 7], "texture": "#0"},
				"up": {"uv": [0, 0, 0, 3], "rotation": 180, "texture": "#0"},
				"down": {"uv": [0, 0, 0, 3], "rotation": 180, "texture": "#0"}
			}
		},
		{
			"from": [1.5, 6, -4.29289],
			"to": [1.5, 7, -1.29289],
			"rotation": {"angle": -45, "axis": "y", "origin": [0.76777, 0, -1.14645]},
			"faces": {
				"north": {"uv": [0, 0, 0, 1], "texture": "#0"},
				"east": {"uv": [0, 9, 3, 10], "texture": "#0"},
				"south": {"uv": [0, 0, 0, 1], "texture": "#0"},
				"west": {"uv": [0, 9, 3, 10], "texture": "#0"},
				"up": {"uv": [0, 0, 0, 3], "rotation": 180, "texture": "#0"},
				"down": {"uv": [0, 0, 0, 3], "rotation": 180, "texture": "#0"}
			}
		},
		{
			"from": [1.5, 12, -4.29289],
			"to": [1.5, 13, -1.29289],
			"rotation": {"angle": -45, "axis": "y", "origin": [0.76777, 0, -1.14645]},
			"faces": {
				"north": {"uv": [0, 0, 0, 1], "texture": "#0"},
				"east": {"uv": [0, 3, 3, 4], "texture": "#0"},
				"south": {"uv": [0, 0, 0, 1], "texture": "#0"},
				"west": {"uv": [0, 3, 3, 4], "texture": "#0"},
				"up": {"uv": [0, 0, 0, 3], "rotation": 180, "texture": "#0"},
				"down": {"uv": [0, 0, 0, 3], "rotation": 180, "texture": "#0"}
			}
		},
		{
			"from": [1.5, 13, -2.29289],
			"to": [1.5, 14, -1.29289],
			"rotation": {"angle": -45, "axis": "y", "origin": [0.76777, 0, -1.14645]},
			"faces": {
				"north": {"uv": [0, 0, 0, 1], "texture": "#0"},
				"east": {"uv": [2, 2, 3, 3], "texture": "#0"},
				"south": {"uv": [0, 0, 0, 1], "texture": "#0"},
				"west": {"uv": [2, 2, 3, 3], "texture": "#0"},
				"up": {"uv": [0, 0, 0, 1], "rotation": 180, "texture": "#0"},
				"down": {"uv": [0, 0, 0, 1], "rotation": 180, "texture": "#0"}
			}
		},
		{
			"from": [1.5, 13, -4.29289],
			"to": [1.5, 14, -3.29289],
			"rotation": {"angle": -45, "axis": "y", "origin": [0.76777, 0, -1.14645]},
			"faces": {
				"north": {"uv": [0, 0, 0, 1], "texture": "#0"},
				"east": {"uv": [0, 2, 1, 3], "texture": "#0"},
				"south": {"uv": [0, 0, 0, 1], "texture": "#0"},
				"west": {"uv": [0, 2, 1, 3], "texture": "#0"},
				"up": {"uv": [0, 0, 0, 1], "rotation": 180, "texture": "#0"},
				"down": {"uv": [0, 0, 0, 1], "rotation": 180, "texture": "#0"}
			}
		},
		{
			"from": [1.5, 14, -4.29289],
			"to": [1.5, 15, -1.29289],
			"rotation": {"angle": -45, "axis": "y", "origin": [0.76777, 0, -1.14645]},
			"faces": {
				"north": {"uv": [0, 0, 0, 1], "texture": "#0"},
				"east": {"uv": [0, 1, 3, 2], "texture": "#0"},
				"south": {"uv": [0, 0, 0, 1], "texture": "#0"},
				"west": {"uv": [0, 1, 3, 2], "texture": "#0"},
				"up": {"uv": [0, 0, 0, 3], "rotation": 180, "texture": "#0"},
				"down": {"uv": [0, 0, 0, 3], "rotation": 180, "texture": "#0"}
			}
		},
		{
			"from": [3, 0, -1],
			"to": [3, 2, 0],
			"rotation": {"angle": 45, "axis": "y", "origin": [0, 1, 0]},
			"faces": {
				"north": {"uv": [0, 0, 0, 2], "texture": "#0"},
				"east": {"uv": [5, 14, 6, 16], "texture": "#0"},
				"south": {"uv": [0, 0, 0, 2], "texture": "#0"},
				"west": {"uv": [5, 14, 6, 16], "texture": "#0"},
				"up": {"uv": [0, 0, 1, 0], "rotation": 270, "texture": "#0"},
				"down": {"uv": [0, 0, 1, 0], "rotation": 90, "texture": "#0"}
			}
		},
		{
			"from": [3, 0, 1],
			"to": [3, 2, 2],
			"rotation": {"angle": 45, "axis": "y", "origin": [0, 1, 0]},
			"faces": {
				"north": {"uv": [0, 0, 0, 2], "texture": "#0"},
				"east": {"uv": [3, 14, 4, 16], "texture": "#0"},
				"south": {"uv": [0, 0, 0, 2], "texture": "#0"},
				"west": {"uv": [3, 14, 4, 16], "texture": "#0"},
				"up": {"uv": [0, 0, 1, 0], "rotation": 270, "texture": "#0"},
				"down": {"uv": [0, 0, 1, 0], "rotation": 90, "texture": "#0"}
			}
		},
		{
			"from": [3, 1, 0],
			"to": [3, 2, 1],
			"rotation": {"angle": 45, "axis": "y", "origin": [0, 1, 0]},
			"faces": {
				"north": {"uv": [0, 0, 0, 1], "texture": "#0"},
				"east": {"uv": [4, 14, 5, 15], "texture": "#0"},
				"south": {"uv": [0, 0, 0, 1], "texture": "#0"},
				"west": {"uv": [4, 14, 5, 15], "texture": "#0"},
				"up": {"uv": [0, 0, 1, 0], "rotation": 270, "texture": "#0"},
				"down": {"uv": [0, 0, 1, 0], "rotation": 90, "texture": "#0"}
			}
		},
		{
			"from": [3, 3, -1],
			"to": [3, 7, 0],
			"rotation": {"angle": 45, "axis": "y", "origin": [0, 1, 0]},
			"faces": {
				"north": {"uv": [0, 0, 0, 4], "texture": "#0"},
				"east": {"uv": [5, 9, 6, 13], "texture": "#0"},
				"south": {"uv": [0, 0, 0, 4], "texture": "#0"},
				"west": {"uv": [5, 9, 6, 13], "texture": "#0"},
				"up": {"uv": [0, 0, 1, 0], "rotation": 270, "texture": "#0"},
				"down": {"uv": [0, 0, 1, 0], "rotation": 90, "texture": "#0"}
			}
		},
		{
			"from": [3, 14, -1],
			"to": [3, 16, 0],
			"rotation": {"angle": 45, "axis": "y", "origin": [0, 1, 0]},
			"faces": {
				"north": {"uv": [0, 0, 0, 2], "texture": "#0"},
				"east": {"uv": [5, 0, 6, 2], "texture": "#0"},
				"south": {"uv": [0, 0, 0, 2], "texture": "#0"},
				"west": {"uv": [5, 0, 6, 2], "texture": "#0"},
				"up": {"uv": [0, 0, 1, 0], "rotation": 270, "texture": "#0"},
				"down": {"uv": [0, 0, 1, 0], "rotation": 90, "texture": "#0"}
			}
		},
		{
			"from": [3, 14, 0],
			"to": [3, 15, 1],
			"rotation": {"angle": 45, "axis": "y", "origin": [0, 1, 0]},
			"faces": {
				"north": {"uv": [0, 0, 0, 1], "texture": "#0"},
				"east": {"uv": [4, 1, 5, 2], "texture": "#0"},
				"south": {"uv": [0, 0, 0, 1], "texture": "#0"},
				"west": {"uv": [4, 1, 5, 2], "texture": "#0"},
				"up": {"uv": [0, 0, 1, 0], "rotation": 270, "texture": "#0"},
				"down": {"uv": [0, 0, 1, 0], "rotation": 90, "texture": "#0"}
			}
		},
		{
			"from": [3, 14, 1],
			"to": [3, 16, 2],
			"rotation": {"angle": 45, "axis": "y", "origin": [0, 1, 0]},
			"faces": {
				"north": {"uv": [0, 0, 0, 2], "texture": "#0"},
				"east": {"uv": [3, 0, 4, 2], "texture": "#0"},
				"south": {"uv": [0, 0, 0, 2], "texture": "#0"},
				"west": {"uv": [3, 0, 4, 2], "texture": "#0"},
				"up": {"uv": [0, 0, 1, 0], "rotation": 270, "texture": "#0"},
				"down": {"uv": [0, 0, 1, 0], "rotation": 90, "texture": "#0"}
			}
		},
		{
			"from": [3, 3, 1],
			"to": [3, 7, 2],
			"rotation": {"angle": 45, "axis": "y", "origin": [0, 1, 0]},
			"faces": {
				"north": {"uv": [0, 0, 0, 4], "texture": "#0"},
				"east": {"uv": [3, 9, 4, 13], "texture": "#0"},
				"south": {"uv": [0, 0, 0, 4], "texture": "#0"},
				"west": {"uv": [3, 9, 4, 13], "texture": "#0"},
				"up": {"uv": [0, 0, 1, 0], "rotation": 270, "texture": "#0"},
				"down": {"uv": [0, 0, 1, 0], "rotation": 90, "texture": "#0"}
			}
		},
		{
			"from": [3, 9, -1],
			"to": [3, 13, 0],
			"rotation": {"angle": 45, "axis": "y", "origin": [0, 1, 0]},
			"faces": {
				"north": {"uv": [0, 0, 0, 4], "texture": "#0"},
				"east": {"uv": [5, 3, 6, 7], "texture": "#0"},
				"south": {"uv": [0, 0, 0, 4], "texture": "#0"},
				"west": {"uv": [5, 3, 6, 7], "texture": "#0"},
				"up": {"uv": [0, 0, 1, 0], "rotation": 270, "texture": "#0"},
				"down": {"uv": [0, 0, 1, 0], "rotation": 90, "texture": "#0"}
			}
		},
		{
			"from": [3, 9, 0],
			"to": [3, 10, 1],
			"rotation": {"angle": 45, "axis": "y", "origin": [0, 1, 0]},
			"faces": {
				"north": {"uv": [0, 0, 0, 1], "texture": "#0"},
				"east": {"uv": [4, 6, 5, 7], "texture": "#0"},
				"south": {"uv": [0, 0, 0, 1], "texture": "#0"},
				"west": {"uv": [4, 6, 5, 7], "texture": "#0"},
				"up": {"uv": [0, 0, 1, 0], "rotation": 270, "texture": "#0"},
				"down": {"uv": [0, 0, 1, 0], "rotation": 90, "texture": "#0"}
			}
		},
		{
			"from": [3, 12, 0],
			"to": [3, 13, 1],
			"rotation": {"angle": 45, "axis": "y", "origin": [0, 1, 0]},
			"faces": {
				"north": {"uv": [0, 0, 0, 1], "texture": "#0"},
				"east": {"uv": [4, 3, 5, 4], "texture": "#0"},
				"south": {"uv": [0, 0, 0, 1], "texture": "#0"},
				"west": {"uv": [4, 3, 5, 4], "texture": "#0"},
				"up": {"uv": [0, 0, 1, 0], "rotation": 270, "texture": "#0"},
				"down": {"uv": [0, 0, 1, 0], "rotation": 90, "texture": "#0"}
			}
		},
		{
			"from": [3, 9, 1],
			"to": [3, 13, 2],
			"rotation": {"angle": 45, "axis": "y", "origin": [0, 1, 0]},
			"faces": {
				"north": {"uv": [0, 0, 0, 4], "texture": "#0"},
				"east": {"uv": [3, 3, 4, 7], "texture": "#0"},
				"south": {"uv": [0, 0, 0, 4], "texture": "#0"},
				"west": {"uv": [3, 3, 4, 7], "texture": "#0"},
				"up": {"uv": [0, 0, 1, 0], "rotation": 270, "texture": "#0"},
				"down": {"uv": [0, 0, 1, 0], "rotation": 90, "texture": "#0"}
			}
		},
		{
			"from": [3, 6, 0],
			"to": [3, 7, 1],
			"rotation": {"angle": 45, "axis": "y", "origin": [0, 1, 0]},
			"faces": {
				"north": {"uv": [0, 0, 0, 1], "texture": "#0"},
				"east": {"uv": [4, 9, 5, 10], "texture": "#0"},
				"south": {"uv": [0, 0, 0, 1], "texture": "#0"},
				"west": {"uv": [4, 9, 5, 10], "texture": "#0"},
				"up": {"uv": [0, 0, 1, 0], "rotation": 270, "texture": "#0"},
				"down": {"uv": [0, 0, 1, 0], "rotation": 90, "texture": "#0"}
			}
		},
		{
			"from": [3, 3, 0],
			"to": [3, 4, 1],
			"rotation": {"angle": 45, "axis": "y", "origin": [0, 1, 0]},
			"faces": {
				"north": {"uv": [0, 0, 0, 1], "texture": "#0"},
				"east": {"uv": [4, 12, 5, 13], "texture": "#0"},
				"south": {"uv": [0, 0, 0, 1], "texture": "#0"},
				"west": {"uv": [4, 12, 5, 13], "texture": "#0"},
				"up": {"uv": [0, 0, 1, 0], "rotation": 270, "texture": "#0"},
				"down": {"uv": [0, 0, 1, 0], "rotation": 90, "texture": "#0"}
			}
		}
	],
	"display": {
		"head": {
			"translation": [9, -30.5, 16],
			"scale": [1.6,1.6,1.6]
		}
	},
	"groups": [
		{
			"name": "side1",
			"origin": [1.76777, 7, 0.35355],
			"rotation": [0, 45, 0],
			"color": 0,
			"children": [0, 1, 2, 3, 4, 5, 6, 7, 8, 9, 10, 11]
		},
		{
			"name": "side2",
			"origin": [0, 0, 0],
			"color": 0,
			"children": [12, 13, 14, 15, 16, 17, 18, 19, 20, 21, 22, 23, 24, 25]
		}
	]
}