{
	"credit": "Made with Blockbench",
	"textures": {
		"1": "custom/gray"
	},
	"elements": [
		{
			"from": [0, 0, 0],
			"to": [1, 1, 1],
			"faces": {
				"north": {"uv": [0, 0, 1, 1], "texture": "#1"},
				"east": {"uv": [0, 0, 1, 1], "texture": "#1"},
				"south": {"uv": [0, 0, 1, 1], "texture": "#1"},
				"west": {"uv": [0, 0, 1, 1], "texture": "#1"},
				"up": {"uv": [0, 0, 1, 1], "texture": "#1"},
				"down": {"uv": [0, 0, 1, 1], "texture": "#1"}
			}
		}
	],
	"display": {
		"thirdperson_righthand": {
			"scale": [0, 0, 0]
		},
		"gui": {
			"translation": [0, -2, 0],
			"scale": [0, 0, 0]
		},
		"thirdperson_lefthand": {
			"scale": [0, 0, 0]
		},
		"ground": {
			"scale": [0, 0, 0]
		},
		"head": {
			"scale": [0, 0, 0]
			
		},
		"firstperson_lefthand": {
			"translation": [0, 0, 0]
		},
		"firstperson_righthand": {
			"translation": [0, 0, 0]
		},
		"fixed": {
			"scale": [0, 0, 0]
		}
	}
}