{
	"credit": "Made with Blockbench",
	"parent": "totem_of_undying",
	"textures": {
		"0": "custom/tutorial",
		"1": "custom/invisible",
		"particle": "custom/tutorial"
	},
	"elements": [
		{
			"from": [-16, 0, 0],
			"to": [32, 24, 0],
			"faces": {
				"north": {"uv": [0, 0, 16, 16], "texture": "#0"},
				"east": {"uv": [0, 0, 0, 16], "texture": "#missing"},
				"south": {"uv": [0, 0, 16, 16], "texture": "#1"},
				"west": {"uv": [0, 0, 0, 16], "texture": "#missing"},
				"up": {"uv": [0, 0, 16, 0], "texture": "#missing"},
				"down": {"uv": [0, 0, 16, 0], "texture": "#missing"}
			}
		}
	],
	"display": {
		"thirdperson_righthand": {
			"scale": [0, 0, 0]
		},
		"thirdperson_lefthand": {
			"scale": [0, 0, 0]
		},
		"firstperson_righthand": {
			"scale": [0, 0, 0]
		},
		"firstperson_lefthand": {
			"scale": [0, 0, 0]
		},
		"ground": {
			"scale": [0, 0, 0]
		},
		"gui": {
			"scale": [0, 0, 0]
		},
		"head": {
			"translation": [0, 0, 25.25],
			"scale": [4, 4, 4]
		},
		"fixed": {
			"translation": [-1.5, 1.5, 28],
			"scale": [4, 4, 4]
		}
	}
}