{
	"__comment": "Cubik Studio - https://cubik.studio",
	"parent": "block/door_bottom",
	"textures": {
		"bottom": "block/dark_oak_door_bottom",
		"top": "block/dark_oak_door_top",
		"oak_door_bottom": "block/dark_oak_door_bottom",
		"oak_door_top": "block/dark_oak_door_top"
	},
	"elements": [ 	 
		{
			"__comment": "Box1",
			"from": [ 0, 8, 7.99 ],
			"to": [ 16, 9, 24 ],
			"faces": {
				"down": { "uv": [ 0, 16, 16, 0 ], "texture": "#oak_door_bottom" },
				"up": { "uv": [ 0, 0, 16, 16 ], "texture": "#oak_door_bottom" },
				"north": { "uv": [ 16, 0, 0, 1 ], "texture": "#oak_door_bottom" },
				"south": { "uv": [ 0, 15, 16, 16 ], "texture": "#oak_door_bottom" },
				"west": { "uv": [ 0, 0, 1, 16 ], "texture": "#oak_door_bottom", "rotation": 270 },
				"east": { "uv": [ 16, 16, 15, 0 ], "texture": "#oak_door_bottom", "rotation": 270 }
			}
		},
		{
			"__comment": "Box1",
			"from": [ 0, 8, -8 ],
			"to": [ 16, 9, 8.01 ],
			"faces": {
				"down": { "uv": [ 0, 16, 16, 0 ], "texture": "#oak_door_top" },
				"up": { "uv": [ 0, 0, 16, 16 ], "texture": "#oak_door_top" },
				"north": { "uv": [ 16, 0, 0, 1 ], "texture": "#oak_door_top" },
				"south": { "uv": [ 0, 15, 16, 16 ], "texture": "#oak_door_top" },
				"west": { "uv": [ 0, 0, 1, 16 ], "texture": "#oak_door_top", "rotation": 270 },
				"east": { "uv": [ 16, 16, 15, 0 ], "texture": "#oak_door_top", "rotation": 270 }
			}
		}
	],
	"display": {
		"head": {
			"rotation":  [ 90, 0, 0 ],
			"translation":  [ 14, -57, -1.65 ],
			"scale":  [ 1.65, 3.3, 1.65 ]
		}
	}
}