{
    "providers": [
        {
            "type": "bitmap",
            "file": "minecraft:screen_full.png",
            "ascent": 128,
            "height": 256,
            "chars": ["\uE000"]
        },
        {
            "type": "bitmap",
            "file": "minecraft:screen_splash.png",
            "ascent": 128,
            "height": 256,
            "chars": ["\uE001"]
        },
        {
            "type": "bitmap",
            "file": "minecraft:screen_overlay.png",
            "ascent": 128,
            "height": 256,
            "chars": ["\uE002"]
        },
        {
            "type": "bitmap",
            "file": "minecraft:screen_dots.png",
            "ascent": 128,
            "height": 256,
            "chars": ["\uE003"]
        },
        {
            "type": "bitmap",
            "file": "minecraft:screen_stripes.png",
            "ascent": 128,
            "height": 256,
            "chars": ["\uE004"]
        },
        {
            "type": "bitmap",
            "file": "minecraft:dmsg_ak47.png",
            "ascent": 8.5,
            "height": 17,
            "chars": ["\uE005"]
        },
        {
            "type": "bitmap",
            "file": "minecraft:dmsg_bow_flame.png",
            "ascent": 8.5,
            "height": 17,
            "chars": ["\uE006"]
        },
        {
            "type": "bitmap",
            "file": "minecraft:dmsg_rocket.png",
            "ascent": 8.5,
            "height": 17,
            "chars": ["\uE007"]
        },
        {
            "type": "bitmap",
            "file": "minecraft:dmsg_sniper.png",
            "ascent": 8.5,
            "height": 17,
            "chars": ["\uE008"]
        },
        {
            "type": "bitmap",
            "file": "minecraft:dmsg_shotguns.png",
            "ascent": 8.5,
            "height": 17,
            "chars": ["\uE009"]
        },
        {
            "type": "bitmap",
            "file": "minecraft:dmsg_pistol.png",
            "ascent": 8.5,
            "height": 17,
            "chars": ["\uE010"]
        },
        {
            "type": "bitmap",
            "file": "minecraft:dmsg_axe_sword.png",
            "ascent": 8.5,
            "height": 17,
            "chars": ["\uE011"]
        },
        {
            "type": "bitmap",
            "file": "minecraft:dmsg_monster.png",
            "ascent": 8.5,
            "height": 17,
            "chars": ["\uE012"]
        },
        {
            "type": "bitmap",
            "file": "minecraft:dmsg_minigun.png",
            "ascent": 8.5,
            "height": 17,
            "chars": ["\uE013"]
        },
        {
            "type": "bitmap",
            "file": "minecraft:dmsg_magic.png",
            "ascent": 8.5,
            "height": 17,
            "chars": ["\uE014"]
        },
        {
            "type": "bitmap",
            "file": "minecraft:dmsg_fire.png",
            "ascent": 8.5,
            "height": 17,
            "chars": ["\uE015"]
        },
        {
            "type": "bitmap",
            "file": "minecraft:dmsg_tnt.png",
            "ascent": 8.5,
            "height": 17,
            "chars": ["\uE016"]
        },
        {
            "type": "bitmap",
            "file": "minecraft:dmsg_grenades.png",
            "ascent": 8.5,
            "height": 17,
            "chars": ["\uE017"]
        },
        {
            "type": "bitmap",
            "file": "minecraft:dmsg_rocket.png",
            "ascent": 8.5,
            "height": 17,
            "chars": ["\uE018"]
        },
        {
            "type": "bitmap",
            "file": "minecraft:dmsg_suicide.png",
            "ascent": 8.5,
            "height": 17,
            "chars": ["\uE019"]
        },
        {
            "type": "bitmap",
            "file": "minecraft:dmsg_turret.png",
            "ascent": 8.5,
            "height": 17,
            "chars": ["\uE020"]
        },
        {
            "type": "bitmap",
            "file": "minecraft:dmsg_trap.png",
            "ascent": 8.5,
            "height": 17,
            "chars": ["\uE021"]
        }
    ]
}